zona,lat,lon,recogidas,destinos,% recogidas
0,40.76035628402789,-73.96966926851421,4860,4333,9.72
1,40.752497421191734,-73.99190494292445,4794,4319,9.588
2,40.763380918978825,-73.9844900351178,4642,4070,9.284
3,40.75021672305525,-73.97728585040518,4195,4147,8.39
4,40.73827464849568,-73.98599491416248,4105,3780,8.21
5,40.77027157580809,-73.95883891015652,3583,3461,7.166
6,40.72415157707099,-73.9896151276342,3437,3011,6.874
7,40.74213098617921,-74.00103083920766,3331,2749,6.662
8,40.7808414662679,-73.95303109232584,3008,3414,6.016
9,40.72915293787223,-74.00249834100151,2655,2348,5.31
10,40.711586750245736,-74.00959802161253,2439,2595,4.878
11,40.77704969369201,-73.98157398510709,2226,2135,4.452
12,40.79012836109508,-73.97219455854695,2023,1961,4.046
13,40.77077740600868,-73.86874722588861,1297,998,2.594
14,40.646406724717885,-73.78491972464101,1080,600,2.16
15,40.80485445916207,-73.95446195164764,934,1695,1.868
16,40.68214737085196,-73.98242105337289,520,1581,1.04
17,40.75325568349738,-73.9215366965846,380,848,0.76
18,40.7112318733052,-73.95014451986424,327,1139,0.654
19,40.83553135104296,-73.93374340708662,164,816,0.328
